{"MSE": 2.453983836538874, "_timestamp": 1685480187.70213, "_runtime": 20.177054166793823, "_step": 0}