{"MSE": 2.454651785619066, "_timestamp": 1685481465.4798803, "_runtime": 12.29867935180664, "_step": 0, "_wandb": {"runtime": 11}}