{"MSE": 2.486272156912001, "_timestamp": 1685480768.0008721, "_runtime": 5.404867172241211, "_step": 0, "_wandb": {"runtime": 4}}