{"MSE": 2.447856532955974, "_timestamp": 1685481501.6255395, "_runtime": 15.157155513763428, "_step": 0, "_wandb": {"runtime": 14}}