{"MSE": 2.4555264877267877, "_timestamp": 1685481414.053451, "_runtime": 8.358018159866333, "_step": 0, "_wandb": {"runtime": 7}}