{"MSE": 2.453540753387775, "_timestamp": 1685480687.8326364, "_runtime": 43.909504413604736, "_step": 0, "_wandb": {"runtime": 42}}