{"MSE": 2.4490188972219364, "_timestamp": 1685481557.263566, "_runtime": 21.597366094589233, "_step": 0, "_wandb": {"runtime": 20}}