{"MSE": 2.453540753387775, "_timestamp": 1685480827.0542023, "_runtime": 42.69613432884216, "_step": 0, "_wandb": {"runtime": 42}}