{"MSE": 2.4562561371444174, "_timestamp": 1685480599.8515072, "_runtime": 13.161905288696289, "_step": 0, "_wandb": {"runtime": 12}}