{"MSE": 2.465758331958644, "_timestamp": 1685481437.6418173, "_runtime": 5.40833044052124, "_step": 0, "_wandb": {"runtime": 4}}