{"MSE": 2.4607046807733934, "_timestamp": 1685480628.7946892, "_runtime": 9.498217105865479, "_step": 0, "_wandb": {"runtime": 8}}